name,points,p2p_pm,std_pm
Fourier+B5+SG3+Exp0.1,36,9.406463396999243,2.858609919251968
Fourier+B5+SG3+Exp0.1,36,10.422671000128503,3.2002045520147977
Fourier+B4+SG3+Exp0.1,45,10.641936994488788,2.8875877088877724
Fourier+B3+SG5+Exp0.1,60,11.184157720322219,3.129360883753584
Fourier+B4+SG3+Exp0.1,45,11.434145297698706,3.422385395917557
Fourier+B4+SG3+Exp0.1,45,11.646369777054133,3.0908089280486886
Adaptive+B5+SG3+Exp0.1,36,11.736261536384518,3.3966511321610224
Fourier+B5+SG3+Exp0.1,36,12.139018873654095,3.754026490007365
Fourier+B3+SG7+Exp0.1,60,12.318410963757742,3.6696873597532047
Adaptive+B4+SG3+Exp0.1,45,12.322994089913664,3.3328326260163106
Fourier+B5+SG5+Exp0.1,36,12.640283058317436,3.8575103640272443
Adaptive+B5+SG3+Exp0.1,36,13.037157745770855,3.854418009956112
Fourier+B4+SG5+Exp0.1,45,13.17402753738861,3.769765348212069
Fourier+B3+SG9+Exp0.1,60,13.18915032663881,4.02403538685069
Direct+B5+SG3+Exp0.1,36,13.428150100935454,3.9643246483671404
Adaptive+B4+SG3+Exp0.1,45,13.520880735768515,3.9577736924233906
Adaptive+B4+SG3+Exp0.1,45,13.606449186340797,3.8531653663486383
Fourier+B4+SG7+Exp0.1,45,13.79402082488923,4.235454989283608
Fourier+B5+SG3+Exp0.2,36,14.024651059116877,3.5774143360310107
Direct+B5+SG9+Exp0.1,36,14.248994883814703,4.298401303341904
Adaptive+B5+SG5+Exp0.1,36,14.371901050708402,4.265376315406904
Direct+B5+SG5+Exp0.1,36,14.56953553065432,4.399609569514526
Fourier+B3+SG3+Exp0.1,60,14.612421052333957,3.8309597487200375
Direct+B5+SG7+Exp0.1,36,14.661939534676094,4.388227636601137
Fourier+B5+SG5+Exp0.1,36,14.67156475439424,4.437059132106846
Fourier+B4+SG5+Exp0.1,45,14.739894107265172,4.039277472633779
Direct+B5+SG11+Exp0.1,36,14.848381165279534,4.370520337876685
Fourier+B5+SG5+Exp0.2,36,14.959889781039237,4.196031351037086
Fourier+B5+SG7+Exp0.1,36,15.007231394974951,4.53950147330305
Fourier+B3+SG11+Exp0.1,60,15.070304065488926,4.475452986248966
Fourier+B3+SG9+Exp0.2,60,15.361629043468383,4.234555873254554
Adaptive+B4+SG5+Exp0.1,45,15.415765466286757,4.513717518567345
Fourier+B5+SG5+Exp0.1,36,15.480180446274971,4.975850315341807
Adaptive+B4+SG7+Exp0.1,45,15.487974198208576,4.546398898007914
Fourier+B5+SG11+Exp0.1,36,15.49132006664422,4.670736040969202
Adaptive+B5+SG3+Exp0.1,36,15.504558647535305,4.805064882088435
Fourier+B3+SG3+Exp0.1,60,15.528781995726604,4.275538485123724
Adaptive+B5+SG3+Exp0.2,36,15.539635686877773,4.014654776905167
Fourier+B3+SG7+Exp0.2,60,15.566544630246426,4.063223939195326
Direct+B5+SG3+Exp0.1,36,15.732485933881435,4.754088080332561
Direct+B4+SG3+Exp0.1,45,15.737924489371835,4.851698740803586
Fourier+B4+SG9+Exp0.1,45,15.798372646713688,4.750035412024532
Adaptive+B5+SG7+Exp0.1,36,15.987316690143416,4.6490628372447995
Fourier+B3+SG5+Exp0.1,60,16.038745877494875,4.709794086272359
Fourier+B3+SG5+Exp0.2,60,16.044972473650887,3.853249335846966
Fourier+B4+SG7+Exp0.1,45,16.07222150994403,4.527100730079236
Adaptive+B5+SG11+Exp0.1,36,16.104981867670176,4.68511591305244
Fourier+B4+SG5+Exp0.1,45,16.110472619629945,4.83007737221438
Fourier+B2+SG5+Exp0.1,91,16.203447828274875,3.892415580963465
Fourier+B2+SG5+Exp0.1,91,16.203447828274875,3.892415580963465
Fourier+B5+SG9+Exp0.1,36,16.208583380830532,4.840512269735239
Fourier+B5+SG3+Exp0.2,36,16.289255056449292,4.192480868987986
Direct+B4+SG3+Exp0.1,45,16.295625646193912,4.3745639704408905
Fourier+B4+SG11+Exp0.1,45,16.42054573403584,4.9117080240217135
Adaptive+B4+SG5+Exp0.1,45,16.56518992410838,4.534614225612633
Fourier+B5+SG7+Exp0.2,36,16.57459173350162,4.626847502317056
Adaptive+B5+SG5+Exp0.1,36,16.58801050598413,4.989292033545648
Fourier+B3+SG11+Exp0.2,60,16.588771678584635,4.438286209994683
Adaptive+B5+SG5+Exp0.2,36,16.63056440759192,4.563999002465201
Fourier+B2+SG7+Exp0.1,91,16.64867526449143,4.217242591526731
Fourier+B2+SG7+Exp0.1,91,16.64867526449143,4.217242591526731
Adaptive+B3+SG5+Exp0.1,60,16.682277826362224,4.771364657811047
Fourier+B5+SG5+Exp0.3,36,16.69702188098654,4.345658520513991
Fourier+B4+SG3+Exp0.2,45,16.74500556384828,3.9864447371492195
Direct+B4+SG5+Exp0.1,45,16.772826931742202,4.857684870724401
Fourier+B2+SG5+Exp0.1,91,16.78114988544621,4.032048377698376
Fourier+B3+SG9+Exp0.3,60,16.80533853664201,4.426115534589195
Adaptive+B5+SG9+Exp0.1,36,17.054433208159026,4.911284482619314
Fourier+B4+SG7+Exp0.1,45,17.077385692573444,5.2156270651761085
Adaptive+B5+SG5+Exp0.1,36,17.079841938652862,5.303643411473313
Fourier+B5+SG11+Exp0.2,36,17.185306362534902,4.725858754121054
Fourier+B4+SG7+Exp0.2,45,17.228805712193207,4.3977631500098155
Adaptive+B4+SG7+Exp0.1,45,17.32954395924935,4.842528208410595
Direct+B4+SG7+Exp0.1,45,17.39344772192908,5.190955046890249
Fourier+B3+SG11+Exp0.3,60,17.43475651949211,4.463420428729749
Direct+B5+SG5+Exp0.1,36,17.43979019602193,5.346541915725438
Adaptive+B4+SG9+Exp0.1,45,17.50546586481505,5.001103279768918
Fourier+B5+SG7+Exp0.3,36,17.524364209862142,4.542124770868179
Fourier+B3+SG7+Exp0.3,60,17.622964719976153,4.381236695905933
Fourier+B2+SG7+Exp0.1,91,17.70124771871906,4.261567206396166
Fourier+B4+SG5+Exp0.2,45,17.8182862068752,4.105374144903769
Fourier+B5+SG5+Exp0.2,36,17.842041011363108,4.949417919654115
Fourier+B5+SG9+Exp0.2,36,17.846696338551737,4.852928684513069
Fourier+B3+SG3+Exp0.1,60,17.855511993616346,4.850099025534722
Adaptive+B2+SG5+Exp0.1,91,17.862446019989875,4.4718318827033405
Adaptive+B2+SG5+Exp0.1,91,17.862446019989875,4.4718318827033405
Direct+B5+SG9+Exp0.2,36,17.889995059590547,5.346127830471003
Adaptive+B4+SG3+Exp0.2,45,17.994780691310552,4.404904400479435
Adaptive+B4+SG11+Exp0.1,45,18.061203435081552,5.129528845522728
Fourier+B5+SG11+Exp0.1,36,18.06438238645569,5.472478976887563
Adaptive+B4+SG7+Exp0.2,45,18.08141395065377,4.848606093577311
Adaptive+B5+SG7+Exp0.2,36,18.082060412780265,4.770751164082457
Fourier+B5+SG7+Exp0.1,36,18.107851291347288,5.452539554240334
Adaptive+B5+SG3+Exp0.2,36,18.124384658335657,4.722907893881821
Adaptive+B3+SG3+Exp0.1,60,18.12935208613453,5.111148772433858
Fourier+B5+SG7+Exp0.1,36,18.166057765483856,5.6830623006174195
Direct+B5+SG9+Exp0.1,36,18.172945632272786,5.4871394110742475
Fourier+B5+SG3+Exp0.3,36,18.229356121423734,4.070116000672523
Adaptive+B4+SG5+Exp0.1,45,18.265877194266977,5.378714057618219
Fourier+B5+SG11+Exp0.3,36,18.26879842155904,4.584148026093804
Adaptive+B5+SG5+Exp0.3,36,18.26954025239047,4.694626787410575
Direct+B5+SG7+Exp0.2,36,18.301244957228846,5.46442231965998
Adaptive+B5+SG11+Exp0.2,36,18.302861532447423,4.778705412066586
Direct+B5+SG7+Exp0.1,36,18.317365419875387,5.505538171618622
Direct+B5+SG11+Exp0.2,36,18.57344464065136,5.307934584506948
Direct+B5+SG5+Exp0.2,36,18.589457091479744,5.597729003959373
Fourier+B4+SG5+Exp0.2,45,18.608227246431852,4.593573103987842
Fourier+B3+SG7+Exp0.1,60,18.619816262685163,5.501017043181181
Adaptive+B4+SG5+Exp0.2,45,18.64044988394653,4.826825823924744
Fourier+B4+SG3+Exp0.2,45,18.699559654692166,3.7671343549533503
Fourier+B5+SG11+Exp0.1,36,18.758661013066558,5.851266441072278
Adaptive+B4+SG7+Exp0.1,45,18.76068569504241,5.607802140945369
Fourier+B5+SG9+Exp0.1,36,18.791105287732535,5.642431549106852
Fourier+B5+SG9+Exp0.3,36,18.810130102792755,4.684452263814544
Adaptive+B3+SG3+Exp0.1,60,18.815612875073384,5.272786459795015
Fourier+B4+SG11+Exp0.2,45,18.83621114188827,4.781985103248503
Fourier+B4+SG9+Exp0.2,45,18.859372694123522,4.670191276809297
Fourier+B5+SG3+Exp0.2,36,18.869990940402204,4.447673116732741
Fourier+B4+SG7+Exp0.2,45,18.930802333102292,4.897091805894755
Adaptive+B2+SG5+Exp0.1,91,18.969753504620712,4.703881004337604
Direct+B5+SG3+Exp0.2,36,19.000262625922915,5.372242236014223
Fourier+B5+SG9+Exp0.1,36,19.065528080545846,5.914922970543613
Adaptive+B5+SG5+Exp0.2,36,19.0669729693127,5.64470371470612
Adaptive+B5+SG11+Exp0.1,36,19.068294869384772,5.647335613527019
Adaptive+B5+SG7+Exp0.1,36,19.177553272015757,5.800260563450723
Adaptive+B5+SG9+Exp0.2,36,19.206752964805673,4.954590066135272
Fourier+B2+SG9+Exp0.1,91,19.23236643335713,5.171590102504774
Fourier+B2+SG9+Exp0.1,91,19.23236643335713,5.171590102504774
Adaptive+B5+SG7+Exp0.3,36,19.245925584527868,4.72798987716429
Fourier+B4+SG3+Exp0.2,45,19.25340758191396,4.419277073703127
Adaptive+B3+SG7+Exp0.1,60,19.25728881815303,5.515232866129174
Direct+B4+SG5+Exp0.1,45,19.265320103613703,5.79423141697821
Fourier+B4+SG7+Exp0.3,45,19.29788605093563,4.529032644881191
Adaptive+B5+SG3+Exp0.3,36,19.340365170137375,4.43990428646904
Adaptive+B2+SG7+Exp0.1,91,19.34967686395339,4.961899577330094
Adaptive+B2+SG7+Exp0.1,91,19.34967686395339,4.961899577330094
Direct+B4+SG7+Exp0.1,45,19.357646896992264,5.88590059348153
Adaptive+B5+SG5+Exp0.2,36,19.385018632306128,5.437262864210984
Adaptive+B5+SG7+Exp0.1,36,19.409829669598366,5.704364567714154
Fourier+B5+SG5+Exp0.2,36,19.410104246389892,5.239152163386753
Direct+B5+SG11+Exp0.1,36,19.507328383156164,5.723942263960551
Fourier+B4+SG5+Exp0.2,45,19.55199822305076,5.176507609062396
Fourier+B4+SG7+Exp0.2,45,19.556476554953406,5.450622091617804
Adaptive+B4+SG9+Exp0.2,45,19.586463041491697,4.997765999457752
Fourier+B2+SG11+Exp0.1,91,19.58700733848673,5.453569097993076
Fourier+B2+SG11+Exp0.1,91,19.58700733848673,5.453569097993076
Adaptive+B5+SG11+Exp0.1,36,19.60749356794622,5.912675202900682
Fourier+B3_median+SG11,60,19.67245081425517,4.720094333437645
Adaptive+B5+SG11+Exp0.3,36,19.67485665204549,4.680433445292215
Adaptive+B5+SG3+Exp0.2,36,19.684985466255966,5.333488592281897
Adaptive+B3+SG9+Exp0.1,60,19.696869186418553,5.611194376863186
Adaptive+B3+SG5+Exp0.1,60,19.774877680333702,5.608463466183066
Direct+B5+SG9+Exp0.3,36,19.793320197891262,5.913408085873124
Fourier+B4+SG11+Exp0.1,45,19.794642559759268,5.551884312038238
Fourier+B3+SG9+Exp0.1,60,19.81164989069839,5.865724843968245
Adaptive+B4+SG3+Exp0.2,45,19.90339260555629,4.501948180824051
Fourier+B2+SG3+Exp0.1,91,19.91239210974527,4.671185087120194
Fourier+B2+SG3+Exp0.1,91,19.91239210974527,4.671185087120194
Adaptive+B5+SG9+Exp0.1,36,19.959725392823202,5.8571755957561935
Adaptive+B5+SG9+Exp0.1,36,19.98626089539357,6.000129988400146
Adaptive+B4+SG11+Exp0.2,45,20.018104248947566,5.093477328737467
Adaptive+B4+SG5+Exp0.2,45,20.051608611083793,5.045353906867019
Fourier+B5+SG7+Exp0.2,36,20.06642911032941,5.598925314676894
Fourier+B4+SG11+Exp0.3,45,20.070336888920792,4.6497719407931655
Fourier+B5+SG5+Exp0.3,36,20.107379320279506,5.191459208552538
Direct+B4+SG11+Exp0.1,45,20.136128798071695,5.957531277931153
Fourier+B5+SG11+Exp0.2,36,20.1439966236876,5.612674056486909
Fourier+B3+SG5+Exp0.3,60,20.17030701256317,4.376873490021664
Adaptive+B4+SG3+Exp0.2,45,20.179690040208698,4.863435764071605
Adaptive+B4+SG7+Exp0.3,45,20.31094606741135,5.123123553927222
Fourier+B4+SG9+Exp0.3,45,20.38345898085936,4.60021647428364
Adaptive+B5+SG9+Exp0.3,36,20.457479757055808,4.826678560804994
Adaptive+B4+SG11+Exp0.1,45,20.46082725848919,5.645656361193977
Adaptive+B4+SG7+Exp0.2,45,20.49676630645081,5.255899327734189
Adaptive+B3+SG5+Exp0.2,60,20.5338944685991,5.393320291445554
Adaptive+B5+SG5+Exp0.3,36,20.534141522830396,5.757768788304909
Direct+B5+SG11+Exp0.3,36,20.568650538507427,5.788981103725548
Fourier+B4+SG11+Exp0.1,45,20.57085923536306,6.1339832408967325
Direct+B5+SG7+Exp0.3,36,20.63043188843494,6.085514077858541
Fourier+B5_weighted+SG7,36,20.634045463225448,4.785416969672231
Adaptive+B2+SG7+Exp0.1,91,20.670561544420707,5.030383434775735
Direct+B2+SG7+Exp0.1,91,20.673884680149968,6.098959754513287
Fourier+B4+SG7+Exp0.3,45,20.701838648506055,5.098272537668493
Fourier+B5+SG11+Exp0.2,36,20.70329080720512,5.836291139859673
Direct+B5+SG3+Exp0.2,36,20.7428160690597,6.20784176488693
Fourier+B3+SG3+Exp0.2,60,20.74973999822305,4.255818572591162
Fourier+B5+SG9+Exp0.2,36,20.811198782780593,5.744695956578593
Adaptive+B4+SG5+Exp0.2,45,20.84014676552215,5.6473383050976
Fourier+B4+SG5+Exp0.3,45,20.866439860810715,4.387666380525751
Direct+B4+SG11+Exp0.1,45,20.892902090281495,6.203951236673855
Direct+B4+SG3+Exp0.2,45,21.02346265826327,6.398644039726779
Direct+B4+SG9+Exp0.1,45,21.03176423236164,6.031296536472137
Adaptive+B4+SG11+Exp0.3,45,21.067546411018157,5.057579146301728
Fourier+B5+SG7+Exp0.3,36,21.073974484465907,5.517339423480092
Adaptive+B5+SG7+Exp0.2,36,21.10165465614955,5.921680708223019
Fourier+B3_median+SG9,60,21.169537411424244,5.101206482388524
Adaptive+B4+SG5+Exp0.3,45,21.213032330592796,5.15358889560223
Adaptive+B5+SG5+Exp0.3,36,21.27460461292685,5.628696611431164
Fourier+B5+SG7+Exp0.2,36,21.27872373057471,5.721491869836952
Fourier+B5+SG11+Exp0.3,36,21.32371236416475,5.478634630047121
Fourier+B5_weighted+SG9,36,21.360874791071183,4.460062419689583
Fourier+B4+SG5+Exp0.3,45,21.3754193183604,4.9433064731545375
Fourier+B5+SG9+Exp0.2,36,21.394432477563896,5.8911851725607125
Adaptive+B4+SG7+Exp0.2,45,21.451236155485276,5.830457622660587
Adaptive+B4+SG9+Exp0.3,45,21.458818479572983,5.017605662062073
Direct+B5+SG3+Exp0.1,36,21.486621368694614,6.891623008070509
Adaptive+B2+SG9+Exp0.1,91,21.49703820907689,5.846448479757062
Adaptive+B2+SG9+Exp0.1,91,21.49703820907689,5.846448479757062
Direct+B5+SG5+Exp0.2,36,21.504895029352156,6.5496163091384245
Fourier+B4+SG9+Exp0.1,45,21.514080042379646,6.3113591095971
Direct+B5+SG5+Exp0.3,36,21.517182810839586,6.33473319563173
Fourier+B5+SG11+Exp0.3,36,21.54983401658228,5.567248216930419
Adaptive+B5+SG11+Exp0.2,36,21.56103553875255,5.817469043926954
Adaptive+B5+SG11+Exp0.2,36,21.580875047561676,5.970509148377169
Direct+B2+SG5+Exp0.1,91,21.625160396069987,6.486191121982986
Direct+B2+SG5+Exp0.1,91,21.625160396069987,6.486191121982986
Fourier+B4+SG7+Exp0.3,45,21.629391082797156,5.554092668053482
Adaptive+B3+SG11+Exp0.1,60,21.642807593707403,5.97583825266226
Adaptive+B3+SG3+Exp0.1,60,21.642960422809665,5.806553063702806
Fourier+B5+SG5+Exp0.3,36,21.649998449106533,5.281008175661661
Adaptive+B4+SG11+Exp0.1,45,21.675524060469797,6.309441547199133
Fourier+B2+SG9+Exp0.1,91,21.683241339360393,5.40987526332078
Adaptive+B2+SG3+Exp0.1,91,21.702951440829565,5.3703957643605555
Adaptive+B2+SG3+Exp0.1,91,21.702951440829565,5.3703957643605555
Adaptive+B5_weighted+SG7,36,21.77248570433221,5.125815358582088
Fourier+B4+SG3+Exp0.3,45,21.792825952161365,4.720281702885869
Fourier+B4+SG11+Exp0.2,45,21.809510320167647,5.5370119107674265
Adaptive+B5+SG7+Exp0.2,36,21.813691372017274,5.874102130907597
Fourier+B3+SG5+Exp0.1,60,21.830795098708222,6.07280218820817
Fourier+B5+SG9+Exp0.3,36,21.85376762690794,5.594302632624016
Fourier+B2+SG3+Exp0.1,91,21.874950954725136,5.032863489024824
Fourier+B5_weighted+SG11,36,21.93016034584616,4.383402116332823
Adaptive+B5+SG9+Exp0.2,36,21.93018330410723,6.053108207831743
Fourier+B5+SG3+Exp0.3,36,21.93018853790818,4.84299689761505
Fourier+B4+SG9+Exp0.1,45,21.953960908149384,5.975653921631956
Direct+B2+SG5+Exp0.1,91,21.99548819373831,6.172644880621538
Adaptive+B5+SG7+Exp0.3,36,22.002424753736705,5.819294854100816
Adaptive+B3+SG7+Exp0.2,60,22.022529841933647,5.753831913822248
Fourier+B3+SG9+Exp0.2,60,22.063730852323715,5.858676910674799
Adaptive+B3+SG7+Exp0.1,60,22.06702039825359,6.280229011913719
Fourier+B3+SG5+Exp0.2,60,22.078683635413654,5.262970037342745
Direct+B5+SG9+Exp0.2,36,22.113875192758314,6.493284218557312
Fourier+B4+SG11+Exp0.2,45,22.19279703263055,6.017707181245964
Adaptive+B4+SG7+Exp0.3,45,22.238020092345323,5.494561897005125
Fourier+B3+SG7+Exp0.2,60,22.25150298056633,5.667633161040356
Adaptive+B2+SG11+Exp0.1,91,22.255765901377345,6.132591600981152
Adaptive+B2+SG11+Exp0.1,91,22.255765901377345,6.132591600981152
Direct+B5+SG5+Exp0.1,36,22.272370148925802,6.8991609569002526
Direct+B5+SG7+Exp0.2,36,22.28820011737298,6.532629577277477
Direct+B4+SG5+Exp0.2,45,22.306977613311574,6.635877557369785
Adaptive+B4+SG9+Exp0.1,45,22.344638829167707,6.004865683476908
Direct+B4+SG9+Exp0.1,45,22.370256908629926,6.442186001367662
Adaptive+B5+SG9+Exp0.2,36,22.406795317124306,5.9862324678638705
Adaptive+B4+SG3+Exp0.3,45,22.43484797622841,5.1274638017920635
Adaptive+B4+SG9+Exp0.1,45,22.493705837064226,6.462966110794469
Adaptive+B5+SG11+Exp0.3,36,22.563542293141836,5.757251356551038
Adaptive+B3+SG3+Exp0.2,60,22.633515235042978,5.719379144219786
Adaptive+B4+SG5+Exp0.3,45,22.684148333041776,5.376898120065275
Adaptive+B3+SG9+Exp0.1,60,22.694571196552715,6.3886088307475655
Fourier+B4_median+SG11,45,22.700151552157877,4.5964062322221695
Fourier+B4+SG5+Exp0.3,45,22.712541195346603,5.38668560278163
Fourier+B5+SG9+Exp0.3,36,22.727954191168465,5.634895382328889
Fourier+B4+SG11+Exp0.3,45,22.774330663537512,5.431044061949258
Direct+B2+SG7+Exp0.1,91,22.80948330235333,6.802718811296581
Direct+B2+SG7+Exp0.1,91,22.80948330235333,6.802718811296581
Adaptive+B5+SG9+Exp0.3,36,22.827326501897005,5.857133554455842
Adaptive+B4+SG11+Exp0.2,45,22.83360139301749,5.720108277765103
Adaptive+B3+SG9+Exp0.2,60,22.878091425354796,5.797938156522453
Fourier+B3+SG3+Exp0.2,60,22.87976391630764,5.07522400520799
Adaptive+B5+SG11+Exp0.3,36,22.944342821347163,5.708252438325796
Direct+B4+SG7+Exp0.2,45,22.963468038255996,6.848390108570564
Fourier+B5+SG7+Exp0.3,36,22.979810165338677,5.548011796808718
Adaptive+B5_weighted+SG9,36,22.984696291359796,4.785602037943228
Adaptive+B5+SG7+Exp0.3,36,23.004089771006875,5.813423914253242
Fourier+B4+SG11+Exp0.3,45,23.02960032182,5.8259896950567
Direct+B4+SG5+Exp0.2,45,23.14589967943448,6.823539728957003
Adaptive+B4+SG7+Exp0.3,45,23.155128357188914,5.944500637523211
Direct+B4+SG3+Exp0.2,45,23.161496320994956,6.456029932481279
Fourier+B3+SG11+Exp0.1,60,23.202797016210752,6.559330151237931
Fourier+B2+SG11+Exp0.1,91,23.20762812803423,6.075678294167507
Fourier+B4+SG9+Exp0.2,45,23.254108984360755,6.103291223949747
Adaptive+B5+SG3+Exp0.3,36,23.289010336043248,5.278503298263152
Fourier+B5_median+SG11,36,23.2949288230202,4.9360849419486925
Adaptive+B5_weighted+SG11,36,23.36080230963944,4.663114012663358
Fourier+B5_weighted+SG5,36,23.421738152592297,5.752644000149656
Adaptive+B5+SG3+Exp0.3,36,23.49622784265648,5.640096034827115
Direct+B5+SG11+Exp0.2,36,23.537190704246314,6.540543205823718
Adaptive+B4+SG5+Exp0.3,45,23.544250423583435,5.827373243535975
Direct+B5+SG3+Exp0.3,36,23.55359158639203,6.289918368867364
Adaptive+B4_median+SG11,45,23.5884048954631,5.31222337774271
Direct+B4+SG7+Exp0.2,45,23.64147587786647,6.91443663421968
Adaptive+B5+SG9+Exp0.3,36,23.659351139258433,5.860974447224063
Direct+B5+SG5+Exp0.3,36,23.695042555345935,7.28341572774173
Adaptive+B3+SG7+Exp0.3,60,23.70683168908272,6.03223817892076
Adaptive+B4+SG11+Exp0.2,45,23.712938262633543,6.222321304725768
Fourier+B4+SG9+Exp0.2,45,23.74551952038928,5.787540977624701
Fourier+B3+SG9+Exp0.3,60,23.83341147651663,5.937059204400499
Fourier+B2+SG11+Exp0.2,91,23.88738705724336,5.708748479333647
Fourier+B2+SG11+Exp0.2,91,23.88738705724336,5.708748479333647
Direct+B4+SG7+Exp0.1,45,23.913076821486356,7.209237501834574
Adaptive+B4+SG11+Exp0.3,45,23.966915057371807,5.684128057316848
Adaptive+B3+SG3+Exp0.2,60,24.007077836927238,5.673970514850243
Direct+B5+SG9+Exp0.3,36,24.034151305500018,7.020184645953401
Adaptive+B2+SG3+Exp0.1,91,24.03572822959177,5.967213928011206
Adaptive+B3+SG5+Exp0.3,60,24.06936801980919,5.913820928873112
Direct+B4+SG11+Exp0.2,45,24.10748527506712,7.121803768328669
Adaptive+B5_weighted+SG5,36,24.215925429189156,6.0738614245857985
Fourier+B2+SG9+Exp0.2,91,24.218335368232147,5.611933461256692
Fourier+B2+SG9+Exp0.2,91,24.218335368232147,5.611933461256692
Direct+B5+SG7+Exp0.3,36,24.234381285623385,7.114243966976978
Fourier+B3+SG7+Exp0.1,60,24.23510818618979,7.088479991907862
Adaptive+B3+SG11+Exp0.2,60,24.29874484278116,5.922494422280105
Fourier+B4_median+SG9,45,24.31435490552758,4.93729963216838
Fourier+B4_weighted+SG11,45,24.338929974078383,5.228478896439221
Direct+B4+SG11+Exp0.2,45,24.36284809891731,6.951433223482248
Fourier+B4+SG9+Exp0.3,45,24.41464940034166,5.600072734581833
Adaptive+B3+SG5+Exp0.2,60,24.417181888679806,5.9166515706673355
Fourier+B5+SG3+Exp0.3,36,24.54085673764439,4.875411194059082
Fourier+B5_mean+SG11,36,24.541068053849813,5.268663730076176
Adaptive+B4+SG9+Exp0.2,45,24.55353328957699,5.910580384592212
Direct+B5+SG3+Exp0.3,36,24.577266444453016,7.145339829267458
Adaptive+B2+SG9+Exp0.1,91,24.58349805215221,6.251804454156574
Adaptive+B4+SG9+Exp0.2,45,24.592990939368065,6.2912012989080015
Direct+B5+SG7+Exp0.1,36,24.59577954323322,7.366635353635512
Direct+B3+SG9+Exp0.1,60,24.611511683701792,6.92086102753365
Direct+B4+SG9+Exp0.2,45,24.61596184798509,7.073025973904202
Adaptive+B5_median+SG11,36,24.62829434955438,5.343407231927281
Adaptive+B3+SG7+Exp0.2,60,24.652522135284016,6.275005413937843
Fourier+B4+SG9+Exp0.3,45,24.661014201910803,5.876607407584974
Fourier+B4+SG3+Exp0.3,45,24.689574716035168,4.320894496048256
Direct+B5_weighted+SG11,36,24.70210531430439,7.004298226535753
Adaptive+B5_median+SG9,36,24.706199794195527,5.670213092009922
Adaptive+B4+SG11+Exp0.3,45,24.735308499430175,6.063344679756096
Fourier+B5_mean+SG7,36,24.761642266639683,5.872856614690383
Adaptive+B3+SG9+Exp0.3,60,24.773946842060468,6.01768759412016
Fourier+B5_mean+SG9,36,24.819442971192984,5.428092369197692
Direct+B5_weighted+SG9,36,24.876759289213624,7.346845511877558
Adaptive+B4+SG3+Exp0.3,45,24.89048122379245,5.107529454669003
Direct+B4+SG3+Exp0.1,45,24.895572944046762,7.663635489514622
Direct+B5+SG11+Exp0.1,36,24.920236230173032,7.409580477218831
Fourier+B3+SG11+Exp0.2,60,24.9439088076997,6.233918689169532
Direct+B3+SG7+Exp0.1,60,24.95306946536857,7.009091032405009
Adaptive+B4_median+SG9,45,24.99026989471531,5.747120924271425
Direct+B3+SG11+Exp0.1,60,25.021834305334778,6.963587067051442
Adaptive+B3+SG9+Exp0.2,60,25.026351979136052,6.330814605643002
Fourier+B3+SG7+Exp0.3,60,25.119993180851452,5.882922849746258
Fourier+B4_weighted+SG7,45,25.12545218462492,6.098668447497432
Direct+B4+SG5+Exp0.3,45,25.163325683706717,7.509416010747218
Fourier+B4_mean+SG11,45,25.17077257539313,5.531377028914847
Fourier+B3+SG9+Exp0.1,60,25.188147921880955,7.309996661075552
Direct+B4+SG5+Exp0.1,45,25.28852969987838,7.657979770830983
Adaptive+B3+SG11+Exp0.1,60,25.29326371359275,6.91733449078968
Adaptive+B4+SG9+Exp0.3,45,25.344426171500345,5.797436543004154
Fourier+B4+SG3+Exp0.3,45,25.462076706617154,5.113434220146085
Fourier+B2+SG7+Exp0.2,91,25.48730946523392,5.249303099016105
Fourier+B2+SG7+Exp0.2,91,25.48730946523392,5.249303099016105
Fourier+B5_median+SG9,36,25.557889695392078,5.214477915234189
Direct+B2+SG11+Exp0.1,91,25.583653999888156,7.065470364798753
Adaptive+B2+SG11+Exp0.2,91,25.6418139881589,6.266508269116249
Adaptive+B2+SG11+Exp0.2,91,25.6418139881589,6.266508269116249
Direct+B3+SG5+Exp0.1,60,25.644377323942535,7.146631169624295
Direct+B3+SG3+Exp0.1,60,25.644552395192477,7.154378742893868
Adaptive+B2+SG9+Exp0.2,91,25.6616157279268,6.163986067310508
Adaptive+B2+SG9+Exp0.2,91,25.6616157279268,6.163986067310508
Direct+B5+SG11+Exp0.3,36,25.663057787824073,6.912327160371863
Fourier+B3_median+SG7,60,25.684199756824455,5.564551338813353
Adaptive+B4_weighted+SG11,45,25.68868213438691,5.667863014286784
Adaptive+B3+SG11+Exp0.3,60,25.692775737070406,5.976444618550286
Adaptive+B3+SG5+Exp0.1,60,25.791425262013945,7.085284197412268
Direct+B4+SG9+Exp0.3,45,25.798646994644514,7.654375105527787
Direct+B2+SG9+Exp0.1,91,25.816187977852678,7.051441843006715
Adaptive+B4+SG9+Exp0.3,45,25.82437328692322,6.103758400929956
Direct+B4+SG11+Exp0.3,45,25.884424482342183,7.353744587813811
Adaptive+B5_mean+SG9,36,25.891738845416512,5.801979755675125
Adaptive+B5_mean+SG7,36,25.93169078693336,6.247409959061395
Adaptive+B5_mean+SG11,36,25.94651996344055,5.588981197194272
Direct+B4+SG9+Exp0.2,45,25.969923123398075,7.0204787170673475
Direct+B4+SG11+Exp0.3,45,26.074691241888104,7.727742039707731
Adaptive+B4+SG3+Exp0.3,45,26.088254680871614,5.520261254348128
Fourier+B2+SG5+Exp0.2,91,26.092416881851932,5.496556002962726
Fourier+B3+SG3+Exp0.2,60,26.117950526099776,5.770267694543519
Fourier+B2+SG11+Exp0.2,91,26.125115296736112,6.256905023668925
Fourier+B2+SG5+Exp0.2,91,26.125434164555372,5.185662397657329
Fourier+B2+SG5+Exp0.2,91,26.125434164555372,5.185662397657329
Adaptive+B2+SG11+Exp0.1,91,26.177778709779886,6.813999898059666
Direct+B4+SG7+Exp0.3,45,26.207152145161672,7.557931052504593
Fourier+B2+SG9+Exp0.2,91,26.21406104003654,5.9650608191695405
Direct+B2+SG11+Exp0.1,91,26.24611932139942,7.3583834180702326
Direct+B2+SG11+Exp0.1,91,26.24611932139942,7.3583834180702326
Direct+B4+SG7+Exp0.3,45,26.271984452591823,7.770494975900111
Adaptive+B4_weighted+SG7,45,26.303016466840745,6.548314816635104
Adaptive+B4_mean+SG11,45,26.306107473260454,5.89604226514988
Fourier+B3+SG11+Exp0.3,60,26.327648418941862,6.096156034996251
Fourier+B3+SG3+Exp0.3,60,26.416472998107565,4.6750228144276385
Fourier+B3+SG5+Exp0.3,60,26.435311263412586,5.740251966015085
Fourier+B2+SG7+Exp0.2,91,26.50748470568942,5.516781037144775
Direct+B4+SG5+Exp0.3,45,26.514098779102824,7.644425298648388
Fourier+B4_median+SG7,45,26.52148269112331,5.546070805058998
Fourier+B2+SG11+Exp0.3,91,26.556565476880678,5.994687839583842
Fourier+B2+SG11+Exp0.3,91,26.556565476880678,5.994687839583842
Adaptive+B3+SG9+Exp0.3,60,26.566741126544002,6.3974017802361125
Adaptive+B3+SG3+Exp0.3,60,26.75575579633005,6.209641923998622
Direct+B4+SG9+Exp0.1,45,26.765786004261827,7.873752044294807
Adaptive+B2+SG7+Exp0.2,91,26.874296298160516,5.792443671993796
Adaptive+B2+SG7+Exp0.2,91,26.874296298160516,5.792443671993796
Fourier+B4_weighted+SG9,45,26.95041012736965,5.445054299583166
Direct+B4+SG3+Exp0.3,45,26.97921489766486,7.432640226746479
Direct+B4+SG11+Exp0.1,45,27.01740665156649,7.9461017920288075
Direct+B5+SG9+Exp0.1,36,27.067748298691185,7.912236708413256
Direct+B2+SG9+Exp0.1,91,27.07332190652778,7.460755601844446
Direct+B2+SG9+Exp0.1,91,27.07332190652778,7.460755601844446
Direct+B4+SG3+Exp0.3,45,27.15910918220743,7.670596833703302
Adaptive+B3+SG7+Exp0.3,60,27.20684639496085,6.406279026436101
Direct+B5_mean+SG9,36,27.284003812155788,8.5001271441171
Adaptive+B3+SG11+Exp0.2,60,27.31931284131406,6.585633032078617
Direct+B3+SG3+Exp0.1,60,27.352347605983596,7.436607646238597
Direct+B5_mean+SG7,36,27.367568908971407,9.076825133808512
Fourier+B4_mean+SG9,45,27.50610373084328,5.767658907457421
Adaptive+B2+SG5+Exp0.2,91,27.544074940692553,5.655037585463177
Adaptive+B2+SG5+Exp0.2,91,27.544074940692553,5.655037585463177
Adaptive+B3_median+SG11,60,27.591598134677042,6.311958497998681
"Fourier+Kalman(pv=1e-07,mv=5e-05)",182,27.64971624571899,5.669592830579642
Fourier+B3+SG5+Exp0.2,60,27.654978919485984,6.394034016436524
Adaptive+B5_median+SG7,36,27.659903484504866,6.396659223598973
Direct+B2+SG7+Exp0.2,91,27.66287200552142,7.788517263221315
"Direct+Kalman(pv=1e-07,mv=5e-05)",182,27.683934330866578,6.884491251037839
Fourier+B2+SG9+Exp0.3,91,27.692210249938398,6.022056517921155
Fourier+B2+SG9+Exp0.3,91,27.692210249938398,6.022056517921155
Direct+B5+SG3+Exp0.2,36,27.704683687943543,8.89300303957905
Adaptive+B2+SG5+Exp0.2,91,27.725469546794557,5.998364975550421
Fourier+B3+SG7+Exp0.2,60,27.73549954417831,6.983076858122564
"Adaptive+Kalman(pv=1e-07,mv=5e-05)",182,27.76356570336702,5.861149095464617
Direct+B4_mean+SG11,45,27.79562088608145,8.339604239384542
Fourier+B2+SG11+Exp0.3,91,27.833435969682796,6.507831694368364
Direct+B4+SG9+Exp0.3,45,27.85191342957205,7.36412728156888
Fourier+B3+SG9+Exp0.2,60,27.862706590667585,7.095539569973073
Direct+B5+SG5+Exp0.2,36,27.87534330741437,8.815936821075164
Adaptive+B3+SG5+Exp0.3,60,27.881086480647355,6.268256065335999
Adaptive+B2+SG11+Exp0.3,91,27.998432380172744,6.5119084638029205
Adaptive+B2+SG11+Exp0.3,91,27.998432380172744,6.5119084638029205
Adaptive+B2+SG9+Exp0.2,91,28.012624791813323,6.58157748854743
Direct+B3+SG7+Exp0.2,60,28.048688789226617,7.696057474680241
Fourier+B3+SG11+Exp0.1,60,28.06550343041181,7.869570835839678
Fourier+B3+SG3+Exp0.3,60,28.073393862996454,5.746515602923084
Adaptive+B4_weighted+SG9,45,28.098127113821647,5.878107108706595
Direct+B3+SG9+Exp0.1,60,28.187404524942394,7.840321849212916
Adaptive+B2+SG7+Exp0.2,91,28.194432421287274,6.049191510374345
Direct+B2+SG3+Exp0.1,91,28.256125966208856,7.6500257952953294
Direct+B2+SG3+Exp0.1,91,28.256125966208856,7.6500257952953294
Adaptive+B3+SG9+Exp0.1,60,28.27045175627063,7.92819651381263
Adaptive+B4_median+SG7,45,28.296453252323772,6.606385395824057
Direct+B5_mean+SG11,36,28.34785176423793,7.960667604983254
Adaptive+B3_median+SG9,60,28.409282235884348,6.763264632546799
Adaptive+B2+SG11+Exp0.2,91,28.430178528196848,6.828356558643796
Adaptive+B3+SG11+Exp0.3,60,28.456867537670405,6.463549289489048
Direct+B2+SG7+Exp0.2,91,28.48515627897541,8.054339013912072
Direct+B2+SG7+Exp0.2,91,28.48515627897541,8.054339013912072
Adaptive+B3+SG3+Exp0.3,60,28.489921786103878,6.219298016263973
Direct+B3+SG11+Exp0.2,60,28.509207282240823,7.556690220761385
Direct+B3+SG9+Exp0.2,60,28.604722000522997,7.6670791671229015
Fourier+B5_median+SG7,36,28.634490922172517,5.767304468505055
Adaptive+B2+SG9+Exp0.3,91,28.661322492439467,6.534181712608942
Adaptive+B2+SG9+Exp0.3,91,28.661322492439467,6.534181712608942
Fourier+B3_mean+SG9,60,28.661759612191418,6.534759936920658
Adaptive+B5_mean+SG5,36,28.700302302581804,7.2154696038181125
Direct+B3+SG5+Exp0.2,60,28.727899063142104,7.831239136181339
Direct+B3+SG3+Exp0.2,60,28.79363984857264,7.902201342298148
Adaptive+B3+SG7+Exp0.1,60,28.83123133517529,8.02898945849106
Adaptive+B4_mean+SG9,45,28.877254559574794,6.173625838028848
Direct+B3+SG11+Exp0.1,60,28.96241640939934,8.239621404467236
Direct+B2+SG11+Exp0.2,91,28.98502119614932,8.018122555591125
Fourier+B4_mean+SG7,45,29.05803740236479,6.41440347951369
Fourier+B2+SG9+Exp0.3,91,29.18674495685991,6.449731189739107
Fourier+B3_mean+SG11,60,29.207891136820763,6.104725072763604
Direct+B3+SG3+Exp0.1,60,29.27981346397246,8.545314254661516
Direct+B2+SG9+Exp0.2,91,29.30318011487998,8.157651720457057
Direct+B2+SG3+Exp0.1,91,29.407131021457644,7.578051337840812
Fourier+B5_mean+SG5,36,29.42333516682538,6.928056591284473
Direct+SG11+Kalman,182,29.45591277227777,8.004735595588702
Direct+SG11+Kalman,182,29.455922370289045,8.004736380057484
Fourier+B3+SG9+Exp0.3,60,29.459945772941865,7.068830736078108
Adaptive+B2+SG11+Exp0.3,91,29.534316861258958,7.004771937066306
Direct+B2+SG5+Exp0.2,91,29.541886603510648,8.011872314674685
Direct+B2+SG5+Exp0.2,91,29.570191983452787,8.059927542626607
Direct+B2+SG5+Exp0.2,91,29.570191983452787,8.059927542626607
Direct+B3+SG5+Exp0.1,60,29.656010806775157,8.502765607920717
Direct+B3+SG7+Exp0.1,60,29.69841290575914,8.466529356699168
Direct+B5+SG7+Exp0.2,36,29.718077682787225,8.867274865147394
Direct+B3+SG9+Exp0.1,60,29.814505835133787,8.474797779309203
Adaptive+B2+SG9+Exp0.3,91,29.906524036618976,6.961804941328073
Direct+B3+SG7+Exp0.1,60,29.936810416756998,8.164390666983866
Direct+B3+SG11+Exp0.1,60,29.95284017595168,8.112213562088291
Fourier+B3+SG7+Exp0.3,60,29.977004718261924,7.059885473404596
Direct+B5+SG11+Exp0.2,36,30.079629012107034,8.665110850357216
Direct+B3+SG5+Exp0.1,60,30.105115632295565,8.211935353040152
Direct+B4_weighted+SG9,45,30.110339954035226,9.090445173501813
Fourier+B2+SG3+Exp0.2,91,30.176708468616198,5.687617288266889
Fourier+B2+SG3+Exp0.2,91,30.176708468616198,5.687617288266889
Adaptive+B4_mean+SG7,45,30.20461036578581,6.8840852079638895
Direct+B2+SG11+Exp0.2,91,30.23892138321571,8.196484200442216
Direct+B2+SG11+Exp0.2,91,30.23892138321571,8.196484200442216
Adaptive+B3+SG3+Exp0.2,60,30.273653696099245,6.475242931512459
Direct+B3+SG11+Exp0.3,60,30.28513775245756,8.018250033177226
Fourier+B3+SG11+Exp0.2,60,30.332012573012435,7.418825094991205
Direct+B4_weighted+SG11,45,30.3334967425144,8.873570947962197
Direct+B5_weighted+SG7,36,30.39680363519892,7.858582381570998
Adaptive+B3+SG11+Exp0.1,60,30.4972567095092,8.366318780083692
Direct+B2+SG9+Exp0.3,91,30.57912845406463,8.90395810016129
Fourier+SG11+Kalman,182,30.611459349188408,5.966427930781717
Fourier+SG11+Kalman,182,30.611558619511925,5.966445956784848
Direct+B3+SG7+Exp0.3,60,30.628710083192345,8.272117345098362
Direct+B4+SG3+Exp0.2,45,30.896777241537166,9.370064396812538
Adaptive+SG11+Kalman,182,30.915858760181436,6.211435632175653
Adaptive+SG11+Kalman,182,30.915936739233985,6.2114501608296315
Direct+B5+SG5+Exp0.3,36,30.952519568927528,10.276630539247895
Adaptive+B3+SG5+Exp0.2,60,30.95903926760002,7.161393282500381
Direct+B3+SG9+Exp0.3,60,30.962735444745704,8.237930651191256
Direct+B4+SG7+Exp0.2,45,30.982975811639335,9.050484895235794
Direct+B2+SG9+Exp0.2,91,30.995280892625487,8.328363104338235
Direct+B2+SG9+Exp0.2,91,30.995280892625487,8.328363104338235
Adaptive+B3_mean+SG9,60,31.02719476078164,6.940943569968733
Direct+B2+SG11+Exp0.3,91,31.056792363074237,8.633069190195044
"Direct+Kalman(pv=5e-07,mv=1e-04)",182,31.070187248133152,7.637290548039318
Adaptive+B3+SG9+Exp0.2,60,31.128887766953994,7.6539621796039565
Adaptive+B4_median+SG5,45,31.144611524382526,7.470413315632148
Fourier+B2+SG7+Exp0.3,91,31.21455583277566,5.986952989552435
Fourier+B2+SG7+Exp0.3,91,31.21455583277566,5.986952989552435
Fourier+B5_median+SG5,36,31.25343909437106,6.622773925227911
Adaptive+B3_mean+SG11,60,31.268765678873933,6.4972693544123405
Fourier+B4_median+SG5,45,31.393332739980906,6.263943582433094
Adaptive+B2+SG3+Exp0.2,91,31.451668912040986,6.213946803719187
Adaptive+B2+SG3+Exp0.2,91,31.451668912040986,6.213946803719187
Adaptive+B2+SG7+Exp0.3,91,31.56348662628261,6.453445143480516
Adaptive+B2+SG7+Exp0.3,91,31.56348662628261,6.453445143480516
Adaptive+B5_median+SG5,36,31.579810946254838,7.528056906154538
Direct+B4+SG5+Exp0.2,45,31.582702235937177,9.307120780836806
Direct+B4_mean+SG9,45,31.67876817406068,8.663097477638138
"Adaptive+Kalman(pv=5e-07,mv=1e-04)",182,31.788803987637948,6.127360872103472
Fourier+B3+SG5+Exp0.3,60,31.791001315923495,6.763963835762599
Fourier+B3+SG11+Exp0.3,60,31.81565994805169,7.2234608706424055
"Fourier+Kalman(pv=5e-07,mv=1e-04)",182,31.878803360200436,5.880883308407282
Direct+B2+SG7+Exp0.3,91,31.91532502262362,8.842441527316485
Adaptive+B4_weighted+SG5,45,31.990979476972825,7.119475300193706
Fourier+B4_weighted+SG5,45,32.05686148294262,6.711844078110249
Direct+B3+SG9+Exp0.2,60,32.09164276222509,8.392698635226308
Fourier+B2+SG3+Exp0.2,91,32.13298811454024,6.144166977782359
Direct+B5+SG9+Exp0.2,36,32.15029227737887,9.165426941531386
Fourier+B2_weighted+SG11,91,32.23065729332575,7.335496846173013
Direct+B2+SG7+Exp0.3,91,32.280228289891966,8.921206138700482
Direct+B2+SG7+Exp0.3,91,32.280228289891966,8.921206138700482
Fourier+B2+SG7+Exp0.3,91,32.306933976201435,6.4063328634082035
Direct+B5+SG7+Exp0.3,36,32.42699226507284,10.005358585124224
Direct+SG9+Kalman,182,32.52815317000568,8.192564744146763
Direct+SG9+Kalman,182,32.528213810110174,8.192572973704568
Direct+B4_mean+SG7,45,32.64261558774706,9.505019479956102
Direct+B3_mean+SG11,60,32.6429808200146,9.10930484906362
Direct+B3+SG5+Exp0.3,60,32.673982228402565,8.467211535155215
Adaptive+B3+SG7+Exp0.2,60,32.68453371185842,7.727794827928487
Direct+B3+SG3+Exp0.3,60,32.77106722441658,8.64961698209673
Fourier+SG9+Kalman,182,32.77911755935747,6.215101697640393
Fourier+SG9+Kalman,182,32.77924588428505,6.215126148789067
Direct+B5+SG3+Exp0.3,36,32.80145259338951,10.52435640841848
Adaptive+B3+SG9+Exp0.3,60,32.887479196801905,7.624804454954896
Direct+B4+SG9+Exp0.2,45,32.902125529858495,9.081981820775988
Adaptive+B2+SG7+Exp0.3,91,32.96814015607197,6.828722967473474
Adaptive+B3_median+SG7,60,32.972071969197714,7.257478706573985
Direct+B5+SG11+Exp0.3,36,32.97698792084702,9.486979895537477
Fourier+B2_mean+SG11,91,32.991078417921926,6.84560396994123
Fourier+B2_median+SG11,91,32.991078417921926,6.84560396994123
Direct+B4+SG11+Exp0.2,45,33.003071095208725,9.166966756994059
Direct+B2+SG11+Exp0.3,91,33.02241994504129,8.795300299030473
Direct+B2+SG11+Exp0.3,91,33.02241994504129,8.795300299030473
Direct+B4_weighted+SG7,45,33.03432697498465,9.949073161967426
Adaptive+B3+SG11+Exp0.2,60,33.05829863336385,7.884439038608694
Fourier+B3_median+SG5,60,33.14760449620735,6.4201821924980615
Adaptive+SG9+Kalman,182,33.26495639510085,6.444308109841497
Adaptive+SG9+Kalman,182,33.26508522104632,6.444330218634158
Fourier+B2+SG5+Exp0.3,91,33.36179855671162,6.106709113219227
Fourier+B2+SG5+Exp0.3,91,33.36179855671162,6.106709113219227
Direct+B3+SG7+Exp0.2,60,33.41354163478627,8.567435569565127
Adaptive+B2+SG3+Exp0.2,91,33.73008819016832,6.766738055190612
Fourier+B2+SG5+Exp0.3,91,33.75520317229075,6.5480827345075445
Direct+B3+SG11+Exp0.2,60,33.87690852309788,8.45624066470656
Fourier+B3_weighted+SG9,60,34.0286590260348,7.509152505841239
Adaptive+B2_median+SG11,91,34.03741473789523,7.303189394914111
Adaptive+B2_mean+SG11,91,34.03741473789523,7.303189394914111
Adaptive+B2_weighted+SG11,91,34.046230592025495,7.686598106078062
Adaptive+B4_mean+SG5,45,34.06059041481058,7.566952178047949
Fourier+B3+SG3+Exp0.3,60,34.07869200100322,6.54813524443847
Direct+B2+SG9+Exp0.3,91,34.096010722919345,8.988064225581786
Direct+B2+SG9+Exp0.3,91,34.096010722919345,8.988064225581786
Direct+B2+SG3+Exp0.2,91,34.123707586331875,8.786155327777433
Direct+B3_mean+SG9,60,34.18572105204021,9.610963246412709
Fourier+B3_mean+SG7,60,34.242745306983124,7.102071605511845
Fourier+SG7+Kalman,182,34.265149237285186,6.083431137511549
Fourier+SG7+Kalman,182,34.26523487155464,6.08344265269891
Direct+B3+SG9+Exp0.3,60,34.26707057292333,8.930877516772217
Adaptive+B3+SG5+Exp0.3,60,34.340660665748146,7.422715057276869
Direct+B5_mean+SG5,36,34.34525441650749,10.00956339967253
Direct+SG7+Kalman,182,34.458270431059645,8.195378469488706
Direct+SG7+Kalman,182,34.45827043162808,8.19537405235177
Fourier+B3_weighted+SG11,60,34.496306241635466,7.1354340347258916
Adaptive+SG7+Kalman,182,34.53098171564761,6.373530707958819
Adaptive+SG7+Kalman,182,34.53105905987286,6.3735411957359975
Adaptive+B2+SG5+Exp0.3,91,34.693346505264344,6.541368493772242
Adaptive+B2+SG5+Exp0.3,91,34.693346505264344,6.541368493772242
Fourier+B4_mean+SG5,45,34.710799134131776,7.067202513905614
Adaptive+B3+SG11+Exp0.3,60,34.740196994448524,7.7025190347142365
Adaptive+B3_mean+SG7,60,34.812637266441016,7.449645188631252
"Direct+Kalman(pv=1e-06,mv=1e-04)",182,34.861693960124285,8.288475588922227
Direct+B5+SG9+Exp0.3,36,35.13550771492646,10.069557380277962
Direct+B2+SG5+Exp0.3,91,35.14497393666716,9.134117281016422
Direct+B2+SG5+Exp0.3,91,35.14497393666716,9.134117281016422
Adaptive+B3+SG7+Exp0.3,60,35.16872832506124,7.723460434936324
Direct+B3+SG3+Exp0.2,60,35.19992223209556,8.308291878443747
Direct+B4+SG3+Exp0.3,45,35.2032775878115,10.748283299674572
Direct+B4+SG5+Exp0.3,45,35.32759150402853,10.575724371249931
Direct+B3+SG5+Exp0.2,60,35.35109165488848,8.625222431041784
Direct+B2+SG3+Exp0.2,91,35.4586316118457,8.711132540851375
Direct+B2+SG3+Exp0.2,91,35.4586316118457,8.711132540851375
"Adaptive+Kalman(pv=1e-06,mv=1e-04)",182,35.64760239817133,6.398358575226225
Adaptive+B2_mean+SG9,91,35.79309304086564,7.743973898896168
Adaptive+B2_median+SG9,91,35.79309304086564,7.743973898896168
Adaptive+B3_median+SG5,60,35.793154552834494,8.274020769816081
Adaptive+B2+SG5+Exp0.3,91,35.815416939385614,6.973914520319999
Direct+B2+SG5+Exp0.3,91,35.90720798115399,9.231716410140962
"Fourier+Kalman(pv=1e-06,mv=1e-04)",182,35.9781534192507,6.112359932303382
Direct+B4+SG7+Exp0.3,45,36.05989149298239,10.36266552982374
Direct+B3+SG11+Exp0.3,60,36.104825331221946,8.853598839543666
Fourier+B2_mean+SG9,91,36.27029461074471,7.300917105229548
Fourier+B2_median+SG9,91,36.27029461074471,7.300917105229548
Direct+B4+SG11+Exp0.3,45,36.574874840425764,10.020107676001729
Direct+B2_weighted+SG11,91,36.84095814776356,9.937747470330049
Direct+B4+SG9+Exp0.3,45,36.93996112679088,9.973553859751902
Direct+B3+SG3+Exp0.2,60,36.98816420228468,10.567542834982952
Direct+B3+SG7+Exp0.3,60,37.00393131032342,9.07537384694845
Direct+B3+SG11+Exp0.2,60,37.07628767233473,9.930613815655008
Direct+B5_weighted+SG5,36,37.22825022521192,8.950772545768535
Fourier+B3_weighted+SG7,60,37.27413743615671,8.06671481748842
Direct+B3+SG5+Exp0.2,60,37.74172510338758,10.415968310533819
Direct+B3+SG7+Exp0.2,60,37.83127229849015,10.290117602238505
Direct+B3+SG9+Exp0.2,60,37.83916454131031,10.264757668585567
Adaptive+B3+SG3+Exp0.3,60,37.862193568571456,7.138745455123713
Adaptive+B3_weighted+SG11,60,37.897187283306266,7.641265861252982
Direct+B4_mean+SG5,45,37.91766226652271,10.398105653899565
Adaptive+B3_weighted+SG9,60,37.95976680430613,8.055299324625315
Direct+B3_weighted+SG9,60,38.50325100609098,10.427454149671416
Direct+B2_mean+SG11,91,38.60502900988649,10.071957888834465
Direct+B2_median+SG11,91,38.60502900988649,10.071957888834465
Fourier+B2+SG3+Exp0.3,91,38.76124389842062,6.602455504209504
Fourier+B2+SG3+Exp0.3,91,38.76124389842062,6.602455504209504
"Direct+Kalman(pv=1e-06,mv=5e-05)",182,39.10169313019196,9.03259062118286
Direct+B4_weighted+SG5,45,39.327823259782235,10.5966921858835
Direct+B3_weighted+SG11,60,39.38906050404967,9.943824021123493
Adaptive+B2_weighted+SG9,91,39.600518751171876,8.288474597158489
Direct+B3_mean+SG7,60,39.6934205547268,10.152502132749834
Direct+B3+SG5+Exp0.3,60,39.87329753306312,9.2112909936554
Adaptive+B3_mean+SG5,60,39.938057894460144,8.374121007659301
Fourier+B2_weighted+SG9,91,40.07616872036124,7.970805653077728
Direct+B5_median+SG11,36,40.19013615743461,11.759175502901826
Adaptive+B2+SG3+Exp0.3,91,40.32078869329325,7.059293289566639
Adaptive+B2+SG3+Exp0.3,91,40.32078869329325,7.059293289566639
"Adaptive+Kalman(pv=1e-06,mv=5e-05)",182,40.459250974436145,6.800533735483183
Direct+B2+SG3+Exp0.3,91,40.54667872549089,9.919190467180329
Direct+B4_median+SG11,45,40.65032855760364,12.147495428432965
Fourier+B2+SG3+Exp0.3,91,40.89248206707907,7.158718314654368
Direct+B3+SG3+Exp0.3,60,41.07955941901764,12.301515251612107
"Fourier+Kalman(pv=1e-06,mv=5e-05)",182,41.1339011044447,6.487483786199827
Direct+B3+SG11+Exp0.3,60,41.68243711683317,11.179214329794762
Direct+B5_median+SG9,36,41.85851622071368,12.806978626751324
Direct+B2+SG3+Exp0.3,91,41.96392366645796,9.727150845734325
Direct+B2+SG3+Exp0.3,91,41.96392366645796,9.727150845734325
Direct+B3+SG3+Exp0.3,60,41.97906916328975,9.224421748765886
Adaptive+Batch5_weighted,36,42.09554956401007,8.460024763933259
Adaptive+B5_weighted+SG3,36,42.09554956401007,8.460024763941693
Direct+B3+SG5+Exp0.3,60,42.21164438990854,11.979460158418513
Fourier+B3_mean+SG5,60,42.32263215271814,8.084929510310902
Direct+B3+SG7+Exp0.3,60,42.353381905058995,11.721842212931355
Adaptive+B3_weighted+SG7,60,42.50484300121116,8.600925768214672
Adaptive+B2_median+SG7,91,42.52584942196336,8.655004533314997
Adaptive+B2_mean+SG7,91,42.52584942196336,8.655004533314997
Direct+B3+SG9+Exp0.3,60,42.83868350580633,11.629427484770481
Adaptive+B2+SG3+Exp0.3,91,43.18045196419007,7.625365332063207
Direct+Batch5_median,36,43.871675349578254,20.68130609446765
Direct+Batch5_mean,36,43.871675349578254,12.39920528115947
Direct+Batch4_median,45,43.871675349578254,18.27823977990735
Direct+B5_mean+SG3,36,43.871675349578254,12.399205281156242
Direct+B5_weighted+SG3,36,43.871675349578254,11.90236167521973
Direct+Batch5_weighted,36,43.871675349578254,11.902361675226231
Direct+B3_mean+SG5,60,43.871675349578254,11.470254364750911
Direct+Batch3_median,60,43.871675349578254,21.492643753501106
Direct+Batch3_mean,60,43.871675349578254,14.170006986562552
Direct+B4_median+SG3,45,43.87167534969194,18.278239779909505
Direct+B5_median+SG3,36,43.87167534969194,20.68130609445649
Direct+B3_median+SG3,60,43.87167534969194,21.492643753500335
Direct+B3_mean+SG3,60,43.871675349919315,14.170006986564506
Fourier+Batch5_weighted,36,44.37754788852999,8.11239394462309
Fourier+B5_weighted+SG3,36,44.37754788852999,8.112393944629522
Fourier+B2_mean+SG7,91,44.571082034508436,8.299086240880328
Fourier+B2_median+SG7,91,44.571082034508436,8.299086240880328
Direct+B2_median+SG9,91,45.296080393427474,10.685062944969074
Direct+B2_mean+SG9,91,45.296080393427474,10.685062944969074
Direct+B3_weighted+SG7,60,46.83127249666086,11.092735880939285
Adaptive+B5_median+SG3,36,46.90229212144459,9.589794967071258
Adaptive+Batch5_median,36,46.90229212144459,9.589794967055001
Direct+B2_weighted+SG9,91,46.957886277709804,10.94131578327082
Direct+B2_median+SG7,91,47.00536644600106,11.49903567671512
Direct+B2_mean+SG7,91,47.00536644600106,11.49903567671512
Adaptive+Batch3_median,60,47.10222913001871,10.50679322108939
Adaptive+B3_median+SG3,60,47.10222913001871,10.506793221085928
Fourier+Batch4_weighted,45,47.94948655455755,9.037385802111343
Fourier+B4_weighted+SG3,45,47.94948655455755,9.03738580211051
Direct+B4_median+SG7,45,48.04993014442971,13.936633588220642
Direct+B5_median+SG7,36,48.04993014477077,13.911790291077889
Adaptive+B4_weighted+SG3,45,48.197470196555514,9.603894030254963
Adaptive+Batch4_weighted,45,48.197470196555514,9.603894030259795
Fourier+B3_weighted+SG5,60,48.4262516721401,9.081314924206461
Direct+B4_median+SG9,45,48.52473182677386,12.75426825085911
Adaptive+B2_weighted+SG7,91,48.57110888610805,9.406783886155555
Adaptive+B3_weighted+SG5,60,48.95449531841223,9.557623417536583
Fourier+B2_weighted+SG7,91,49.421765198758294,9.161889795221684
Adaptive+Batch4_median,45,49.66594658549184,10.036520102182545
Adaptive+B4_median+SG3,45,49.66594658549184,10.036520102179434
Direct+B2_weighted+SG7,91,50.6613393920361,12.078246897355182
Direct+B3_median+SG11,60,52.1551385256771,13.837811899109926
Direct+B3_median+SG9,60,52.77895489064122,14.647112594466867
Direct+B3_weighted+SG5,60,52.85492315920237,12.632081846614726
Direct+B4_weighted+SG3,45,53.01160771398372,12.965713062451744
Direct+Batch4_weighted,45,53.01160771398372,12.965713062454371
Direct+B4_median+SG5,45,53.27274863884668,15.232296986237037
Adaptive+B3_mean+SG3,60,53.341683706094045,10.266013655150973
Adaptive+Batch3_mean,60,53.341683706094045,10.266013655146141
Adaptive+B5_mean+SG3,36,54.53725589120495,9.572694173395881
Adaptive+Batch5_mean,36,54.53725589120495,9.572694173393918
Direct+B4_mean+SG3,45,54.83959418700124,13.394150846926241
Direct+Batch4_mean,45,54.83959418700124,13.394150846933599
Direct+B3_median+SG5,60,55.15296329656394,17.508333467599908
Direct+B5_median+SG5,36,55.152963296677626,15.89964883132828
Fourier+Batch3_mean,60,55.249891845051025,10.299278209648273
Fourier+B3_mean+SG3,60,55.249891845051025,10.29927820964677
Fourier+B4_median+SG3,45,55.6423025549293,8.411618961787045
Fourier+Batch4_median,45,55.6423025549293,8.411618961782615
Direct+B3_median+SG7,60,56.4064397351558,15.54119830331648
Adaptive+B2_median+SG5,91,56.92722642015724,10.07659342239547
Adaptive+B2_mean+SG5,91,56.92722642015724,10.07659342239547
Direct+B2_median+SG5,91,57.033177954508574,13.32701509593865
Direct+B2_mean+SG5,91,57.033177954508574,13.32701509593865
Fourier+B5_mean+SG3,36,57.085745215090355,9.35465573932288
Fourier+Batch5_mean,36,57.085745215090355,9.354655739321752
Adaptive+B2_weighted+SG5,91,57.35301353729483,10.822699576340284
Fourier+B2_weighted+SG5,91,57.698745353150116,10.504123491299005
Fourier+B2_median+SG5,91,59.28923344492887,9.677815524923462
Fourier+B2_mean+SG5,91,59.28923344492887,9.677815524923462
Direct+B2_weighted+SG5,91,60.79360727017047,14.242456845547114
Fourier+B5_median+SG3,36,62.023456086308215,8.81950945228108
Fourier+Batch5_median,36,62.023456086308215,8.819509452274657
Fourier+Batch3_median,60,62.14937334414117,8.284654500754623
Fourier+B3_median+SG3,60,62.14937334414117,8.284654500759782
Adaptive+B4_mean+SG3,45,64.00999170239174,10.54224201737225
Adaptive+Batch4_mean,45,64.00999170239174,10.54224201737281
Fourier+Batch4_mean,45,64.67554476500936,10.031460061980075
Fourier+B4_mean+SG3,45,64.67554476500936,10.031460061982532
Direct+Batch3_weighted,60,73.11945891592586,15.812053639437135
Direct+B3_weighted+SG3,60,73.11945891592586,15.812053639439327
Adaptive+B3_weighted+SG3,60,85.2448079193664,12.005790289008106
Adaptive+Batch3_weighted,60,85.2448079193664,12.005790289006471
Fourier+B3_weighted+SG3,60,86.1699127533484,11.908295845606855
Fourier+Batch3_weighted,60,86.1699127533484,11.908295845604107
Direct+Batch2_weighted,91,87.74335069904282,18.98054489826979
Direct+B2_weighted+SG3,91,87.74335069904282,18.98054489827697
Direct+B2_mean+SG3,91,87.74335069915651,17.753037555019795
Direct+Batch2_mean,91,87.74335069915651,17.75303755501445
Direct+Batch2_median,91,87.74335069915651,17.75303755501445
Direct+B2_median+SG3,91,87.74335069915651,17.753037555019795
Adaptive+Batch2_mean,91,107.61791601919413,13.662453394137268
Adaptive+B2_median+SG3,91,107.61791601919413,13.66245339413845
Adaptive+Batch2_median,91,107.61791601919413,13.662453394137268
Adaptive+B2_mean+SG3,91,107.61791601919413,13.66245339413845
Fourier+Batch2_median,91,108.38118669630603,13.427120554486745
Fourier+Batch2_mean,91,108.38118669630603,13.427120554486745
Fourier+B2_mean+SG3,91,108.38118669630603,13.42712055448804
Fourier+B2_median+SG3,91,108.38118669630603,13.42712055448804
Adaptive+B2_weighted+SG3,91,113.20874798570912,14.661510854696608
Adaptive+Batch2_weighted,91,113.20874798570912,14.661510854691752
Fourier+B2_weighted+SG3,91,115.96289792271364,14.71564704432602
Fourier+Batch2_weighted,91,115.96289792271364,14.715647044323132
Direct,182,131.61502604873476,22.36604453193391
Adaptive,182,165.57897660277376,17.232602313114683
Fourier,182,169.24742253786462,17.469455081312574
